total_rob,rob_ratio,total_trade,trade_ratio,total_farm,farm_ratio,total_obey,obey_ratio
5,0.625,0,0.0,3,0.375,0,0.0
9,0.6428571428571429,0,0.0,5,0.35714285714285715,0,0.0
9,0.5625,0,0.0,7,0.4375,0,0.0
17,0.6296296296296297,0,0.0,10,0.37037037037037035,0,0.0
17,0.6071428571428571,0,0.0,11,0.39285714285714285,0,0.0
20,0.6060606060606061,0,0.0,13,0.3939393939393939,0,0.0
22,0.5789473684210527,1,0.02631578947368421,15,0.39473684210526316,0,0.0
27,0.5869565217391305,2,0.043478260869565216,17,0.3695652173913043,0,0.0
27,0.574468085106383,2,0.0425531914893617,18,0.3829787234042553,0,0.0
28,0.5490196078431373,2,0.0392156862745098,21,0.4117647058823529,0,0.0
32,0.5517241379310345,3,0.05172413793103448,23,0.39655172413793105,0,0.0
34,0.5396825396825397,3,0.047619047619047616,26,0.4126984126984127,0,0.0
